特征名,Lasso系数,|系数|
Latitude,-0.8908556454802797,0.8908556454802797
Longitude,-0.8634196945133874,0.8634196945133874
MedInc,0.8515289365735903,0.8515289365735903
AveBedrms,0.332060714064426,0.332060714064426
AveRooms,-0.28725371545235096,0.28725371545235096
HouseAge,0.12298383095580374,0.12298383095580374
AveOccup,-0.040316777797335744,0.040316777797335744
Population,-0.0016276500826887844,0.0016276500826887844
