threshold,accuracy,precision,recall,f1
0.1,0.9473684210526315,0.9224137931034483,1.0,0.9596412556053812
0.2,0.9473684210526315,0.9224137931034483,1.0,0.9596412556053812
0.30000000000000004,0.9824561403508771,0.9727272727272728,1.0,0.9861751152073732
0.4,0.9883040935672515,0.9906542056074766,0.9906542056074766,0.9906542056074766
0.5,0.9883040935672515,0.9906542056074766,0.9906542056074766,0.9906542056074766
0.6,0.9707602339181286,0.9903846153846154,0.9626168224299065,0.976303317535545
0.7000000000000001,0.9590643274853801,0.9901960784313726,0.9439252336448598,0.9665071770334929
0.8,0.9590643274853801,0.9901960784313726,0.9439252336448598,0.9665071770334929
0.9,0.9064327485380117,1.0,0.8504672897196262,0.9191919191919192
