threshold,accuracy,precision,recall,f1
0.1,0.6466666666666666,0.5350877192982456,1.0,0.6971428571428572
0.2,0.7266666666666667,0.6041666666666666,0.9508196721311475,0.7388535031847133
0.30000000000000004,0.8,0.691358024691358,0.9180327868852459,0.7887323943661971
0.4,0.8133333333333334,0.72,0.8852459016393442,0.7941176470588235
0.5,0.8466666666666667,0.8064516129032258,0.819672131147541,0.8130081300813008
0.6,0.82,0.84,0.6885245901639344,0.7567567567567568
0.7000000000000001,0.7933333333333333,0.9411764705882353,0.5245901639344263,0.6736842105263158
0.8,0.7333333333333333,0.92,0.3770491803278688,0.5348837209302325
0.9,0.6666666666666666,1.0,0.18032786885245902,0.3055555555555556
