Scenario,RMSE,MAE
Clean Prediction,0.5730182370581952,0.4689065674014398
With One Outlier,9.304994892678563,1.3889580500722014
