Degree,Mean Std,Max Std
2,0.06450253677088048,0.12283962343503425
15,0.0743623359263691,0.28429714390861477
